INSERT INTO pacients (idpacient, nom, cognoms, dni, data_naix, sexe, adreca, ciutat, c_postal, telefon, email, num_ss, num_cat, nie, passaport) VALUES (default, 'jose', 'remar silva', '4811111M', '1996-07-12', 'M', 'veciana 8 2 2', 'barcelona', '08023', '989856565', 'jose@mail.com', NULL, NULL, NULL, NULL);
INSERT INTO pacients (idpacient, nom, cognoms, dni, data_naix, sexe, adreca, ciutat, c_postal, telefon, email, num_ss, num_cat, nie, passaport) VALUES (2000, 'Pep', 'Guardiola Sala', '', '1996-07-12', 'M', 'veciana 8 2 2', 'barcelona', '08023', '989856565', 'jose@mail.com', NULL, NULL, NULL, NULL);
INSERT INTO pacients (idpacient, nom, cognoms, dni, data_naix, sexe, adreca, ciutat, c_postal, telefon, email, num_ss, num_cat, nie, passaport) VALUES (2001, 'Carles', 'Puigdemont Riera', '', '1996-07-12', 'M', 'veciana 8 2 2', 'barcelona', '08023', '989856565', 'jose@mail.com', NULL, NULL, NULL, NULL);
INSERT INTO pacients (idpacient, nom, cognoms, dni, data_naix, sexe, adreca, ciutat, c_postal, telefon, email, num_ss, num_cat, nie, passaport) VALUES (2002, 'Pep', 'Guardiola Sala', '', '1996-07-12', 'M', 'veciana 8 2 2', 'barcelona', '08023', '989856565', 'jose@mail.com', NULL, NULL, NULL, NULL);
INSERT INTO pacients (idpacient, nom, cognoms, dni, data_naix, sexe, adreca, ciutat, c_postal, telefon, email, num_ss, num_cat, nie, passaport) VALUES (2003, 'Carles', 'Puigdemont Riera', '', '1996-07-12', 'M', 'veciana 8 2 2', 'barcelona', '08023', '989856565', 'jose@mail.com', NULL, NULL, NULL, NULL);
INSERT INTO pacients (idpacient, nom, cognoms, dni, data_naix, sexe, adreca, ciutat, c_postal, telefon, email, num_ss, num_cat, nie, passaport) VALUES (2004, 'Pep', 'Guardiola Sala', '', '1996-07-12', 'M', 'veciana 8 2 2', 'barcelona', '08023', '989856565', 'jose@mail.com', NULL, NULL, NULL, NULL);
INSERT INTO pacients (idpacient, nom, cognoms, dni, data_naix, sexe, adreca, ciutat, c_postal, telefon, email, num_ss, num_cat, nie, passaport) VALUES (2005, 'Carles', 'Puigdemont Riera', '', '1996-07-12', 'M', 'veciana 8 2 2', 'barcelona', '08023', '989856565', 'jose@mail.com', NULL, NULL, NULL, NULL);
INSERT INTO pacients (idpacient, nom, cognoms, dni, data_naix, sexe, adreca, ciutat, c_postal, telefon, email, num_ss, num_cat, nie, passaport) VALUES (2006, 'Pep', 'Guardiola Sala', '', '1996-07-12', 'M', 'veciana 8 2 2', 'barcelona', '08023', '989856565', 'jose@mail.com', NULL, NULL, NULL, NULL);
INSERT INTO pacients (idpacient, nom, cognoms, dni, data_naix, sexe, adreca, ciutat, c_postal, telefon, email, num_ss, num_cat, nie, passaport) VALUES (2007, 'Carles', 'Puigdemont Riera', '', '1996-07-12', 'M', 'veciana 8 2 2', 'barcelona', '08023', '989856565', 'jose@mail.com', NULL, NULL, NULL, NULL);
INSERT INTO pacients (idpacient, nom, cognoms, dni, data_naix, sexe, adreca, ciutat, c_postal, telefon, email, num_ss, num_cat, nie, passaport) VALUES (2008, 'Pep', 'Guardiola Sala', '', '1996-07-12', 'M', 'veciana 8 2 2', 'barcelona', '08023', '989856565', 'jose@mail.com', NULL, NULL, NULL, NULL);
INSERT INTO pacients (idpacient, nom, cognoms, dni, data_naix, sexe, adreca, ciutat, c_postal, telefon, email, num_ss, num_cat, nie, passaport) VALUES (2009, 'Carles', 'Puigdemont Riera', '', '1996-07-12', 'M', 'veciana 8 2 2', 'barcelona', '08023', '989856565', 'jose@mail.com', NULL, NULL, NULL, NULL);
INSERT INTO pacients (idpacient, nom, cognoms, dni, data_naix, sexe, adreca, ciutat, c_postal, telefon, email, num_ss, num_cat, nie, passaport) VALUES (2010, 'Pep', 'Guardiola Sala', '', '1996-07-12', 'M', 'veciana 8 2 2', 'barcelona', '08023', '989856565', 'jose@mail.com', NULL, NULL, NULL, NULL);

INSERT INTO catalegproves (idprova, nom_prova, descripcio, acronim) VALUES ('901', 'ALT_1', 'ALT_1_Grup_ALTs', 'ALT1');
INSERT INTO catalegproves (idprova, nom_prova, descripcio, acronim) VALUES ('902', 'ALT_2', 'ALT_2_Grup_ALTs', 'ALT2');
INSERT INTO catalegproves (idprova, nom_prova, descripcio, acronim) VALUES ('903', 'ALT_3', 'ALT_3_Grup_ALTs', 'ALT3');
INSERT INTO catalegproves (idprova, nom_prova, descripcio, acronim) VALUES ('904', 'ALT_4', 'ALT_4_Grup_ALTs', 'ALT4');
INSERT INTO catalegproves (idprova, nom_prova, descripcio, acronim) VALUES ('905', 'ALT_5', 'ALT_5_Grup_ALTs', 'ALT5');
INSERT INTO catalegproves (idprova, nom_prova, descripcio, acronim) VALUES ('906', 'ALT_6', 'ALT_6_Grup_ALTs', 'ALT6');
INSERT INTO catalegproves (idprova, nom_prova, descripcio, acronim) VALUES ('907', 'ALT_7', 'ALT_7_Grup_ALTs', 'ALT7');
INSERT INTO catalegproves (idprova, nom_prova, descripcio, acronim) VALUES ('908', 'ALT_8', 'ALT_8_Grup_ALTs', 'ALT8');
INSERT INTO catalegproves (idprova, nom_prova, descripcio, acronim) VALUES ('909', 'ALT_9', 'ALT_9_Grup_ALTs', 'ALT9');
INSERT INTO catalegproves (idprova, nom_prova, descripcio, acronim) VALUES ('910', 'ALT_10', 'ALT_10_Grup_ALTs', 'ALT20');

INSERT INTO provestecnica (idprovatecnica, idprova, resultat_numeric, sexe, edat_inicial, edat_final, dataprova, minpat, maxpat, minpan, maxpan) VALUES (90101, 901, 'True', 0, 0, 999, CURRENT_TIMESTAMP, '80', '100', '60', '150');
INSERT INTO provestecnica (idprovatecnica, idprova, resultat_numeric, sexe, edat_inicial, edat_final, dataprova, minpat, maxpat, minpan, maxpan) VALUES (90201, 902, 'True', 0, 0, 999, CURRENT_TIMESTAMP, '80', '100', '60', '150');
INSERT INTO provestecnica (idprovatecnica, idprova, resultat_numeric, sexe, edat_inicial, edat_final, dataprova, minpat, maxpat, minpan, maxpan) VALUES (90301, 903, 'True', 0, 0, 999, CURRENT_TIMESTAMP, '80', '100', '60', '150');
INSERT INTO provestecnica (idprovatecnica, idprova, resultat_numeric, sexe, edat_inicial, edat_final, dataprova, minpat, maxpat, minpan, maxpan) VALUES (90401, 904, 'True', 0, 0, 999, CURRENT_TIMESTAMP, '80', '100', '60', '150');
INSERT INTO provestecnica (idprovatecnica, idprova, resultat_numeric, sexe, edat_inicial, edat_final, dataprova, minpat, maxpat, minpan, maxpan) VALUES (90501, 905, 'True', 0, 0, 999, CURRENT_TIMESTAMP, '80', '100', '60', '150');
INSERT INTO provestecnica (idprovatecnica, idprova, resultat_numeric, sexe, edat_inicial, edat_final, dataprova, minpat, maxpat, minpan, maxpan) VALUES (90601, 906, 'True', 0, 0, 999, CURRENT_TIMESTAMP, '80', '100', '60', '150');
INSERT INTO provestecnica (idprovatecnica, idprova, resultat_numeric, sexe, edat_inicial, edat_final, dataprova, minpat, maxpat, minpan, maxpan) VALUES (90701, 907, 'True', 0, 0, 999, CURRENT_TIMESTAMP, '80', '100', '60', '150');
INSERT INTO provestecnica (idprovatecnica, idprova, resultat_numeric, sexe, edat_inicial, edat_final, dataprova, minpat, maxpat, minpan, maxpan) VALUES (90801, 908, 'True', 0, 0, 999, CURRENT_TIMESTAMP, '80', '100', '60', '150');
INSERT INTO provestecnica (idprovatecnica, idprova, resultat_numeric, sexe, edat_inicial, edat_final, dataprova, minpat, maxpat, minpan, maxpan) VALUES (90901, 909, 'True', 0, 0, 999, CURRENT_TIMESTAMP, '80', '100', '60', '150');
INSERT INTO provestecnica (idprovatecnica, idprova, resultat_numeric, sexe, edat_inicial, edat_final, dataprova, minpat, maxpat, minpan, maxpan) VALUES (91001, 910, 'True', 1, 0, 999, CURRENT_TIMESTAMP, '80', '100', '60', '150');
INSERT INTO provestecnica (idprovatecnica, idprova, resultat_numeric, sexe, edat_inicial, edat_final, dataprova, minpat, maxpat, minpan, maxpan) VALUES (91001, 910, 'True', 2, 1, 10,  CURRENT_TIMESTAMP, '80', '100', '60', '150');
INSERT INTO provestecnica (idprovatecnica, idprova, resultat_numeric, sexe, edat_inicial, edat_final, dataprova, minpat, maxpat, minpan, maxpan) VALUES (91001, 910, 'True', 2, 11, 999,CURRENT_TIMESTAMP, '80', '100', '60', '150');

INSERT INTO analitiques (idanalitica, iddoctor, idpacient, dataanalitica) VALUES (5001, 1, 2000, CURRENT_TIMESTAMP);
INSERT INTO analitiques (idanalitica, iddoctor, idpacient, dataanalitica) VALUES (5002, 1, 2001, CURRENT_TIMESTAMP);
INSERT INTO analitiques (idanalitica, iddoctor, idpacient, dataanalitica) VALUES (5003, 1, 2002, CURRENT_TIMESTAMP);
INSERT INTO analitiques (idanalitica, iddoctor, idpacient, dataanalitica) VALUES (5004, 1, 2003, CURRENT_TIMESTAMP);
INSERT INTO analitiques (idanalitica, iddoctor, idpacient, dataanalitica) VALUES (5005, 1, 2004, CURRENT_TIMESTAMP);
INSERT INTO analitiques (idanalitica, iddoctor, idpacient, dataanalitica) VALUES (5006, 1, 2005, CURRENT_TIMESTAMP);
INSERT INTO analitiques (idanalitica, iddoctor, idpacient, dataanalitica) VALUES (5007, 1, 2006, CURRENT_TIMESTAMP);
INSERT INTO analitiques (idanalitica, iddoctor, idpacient, dataanalitica) VALUES (5008, 1, 2007, CURRENT_TIMESTAMP);
INSERT INTO analitiques (idanalitica, iddoctor, idpacient, dataanalitica) VALUES (5009, 1, 2008, CURRENT_TIMESTAMP);
INSERT INTO analitiques (idanalitica, iddoctor, idpacient, dataanalitica) VALUES (5010, 1, 2009, CURRENT_TIMESTAMP);
INSERT INTO analitiques (idanalitica, iddoctor, idpacient, dataanalitica) VALUES (5011, 1, 2010, CURRENT_TIMESTAMP);

INSERT INTO resultats (idresultat, idanalitica, resultats, idprovatecnica, dataresultat) values (default, 5001, '85', 90101, CURRENT_TIMESTAMP);

INSERT INTO resultats (idresultat, idanalitica, resultats, idprovatecnica, dataresultat) values (default, 5001, '85', 90201, CURRENT_TIMESTAMP);
INSERT INTO resultats (idresultat, idanalitica, resultats, idprovatecnica, dataresultat) values (default, 5001, '85', 90301, CURRENT_TIMESTAMP);
INSERT INTO resultats (idresultat, idanalitica, resultats, idprovatecnica, dataresultat) values (default, 5001, '85', 90401, CURRENT_TIMESTAMP);
INSERT INTO resultats (idresultat, idanalitica, resultats, idprovatecnica, dataresultat) values (default, 5001, '85', 90501, CURRENT_TIMESTAMP);
INSERT INTO resultats (idresultat, idanalitica, resultats, idprovatecnica, dataresultat) values (default, 5001, '85', 90601, CURRENT_TIMESTAMP);
INSERT INTO resultats (idresultat, idanalitica, resultats, idprovatecnica, dataresultat)values (default, 5001, '85', 90701, CURRENT_TIMESTAMP);
INSERT INTO resultats (idresultat, idanalitica, resultats, idprovatecnica, dataresultat)values (default, 5001, '85', 90801, CURRENT_TIMESTAMP);
INSERT INTO resultats (idresultat, idanalitica, resultats, idprovatecnica, dataresultat)values (default, 5001, '85', 90901, CURRENT_TIMESTAMP);
INSERT INTO resultats (idresultat, idanalitica, resultats, idprovatecnica, dataresultat)values (default, 5001, '85', 91001, CURRENT_TIMESTAMP);

INSERT INTO resultats (idresultat, idanalitica, resultats, idprovatecnica, dataresultat)values (default, 5002, '95', 90101, CURRENT_TIMESTAMP);
INSERT INTO resultats (idresultat, idanalitica, resultats, idprovatecnica, dataresultat)values (default, 5002, '95', 90201, CURRENT_TIMESTAMP);
INSERT INTO resultats (idresultat, idanalitica, resultats, idprovatecnica, dataresultat)values (default, 5002, '95', 90301, CURRENT_TIMESTAMP);
INSERT INTO resultats (idresultat, idanalitica, resultats, idprovatecnica, dataresultat)values (default, 5002, '95', 90401, CURRENT_TIMESTAMP);
INSERT INTO resultats (idresultat, idanalitica, resultats, idprovatecnica, dataresultat)values (default, 5002, '95', 90501, CURRENT_TIMESTAMP);
INSERT INTO resultats (idresultat, idanalitica, resultats, idprovatecnica, dataresultat)values (default, 5002, '95', 90601, CURRENT_TIMESTAMP);
INSERT INTO resultats (idresultat, idanalitica, resultats, idprovatecnica, dataresultat)values (default, 5002, '95', 90701, CURRENT_TIMESTAMP);
INSERT INTO resultats (idresultat, idanalitica, resultats, idprovatecnica, dataresultat)values (default, 5002, '95', 90801, CURRENT_TIMESTAMP);
INSERT INTO resultats (idresultat, idanalitica, resultats, idprovatecnica, dataresultat)values (default, 5002, '95', 90901, CURRENT_TIMESTAMP);
INSERT INTO resultats (idresultat, idanalitica, resultats, idprovatecnica, dataresultat)values (default, 5002, '95', 91001, CURRENT_TIMESTAMP);


INSERT INTO resultats (idresultat, idanalitica, resultats, idprovatecnica, dataresultat)values (default, 5003, '105', 90101, CURRENT_TIMESTAMP);
INSERT INTO resultats (idresultat, idanalitica, resultats, idprovatecnica, dataresultat)values (default, 5003, '105', 90201, CURRENT_TIMESTAMP);
INSERT INTO resultats (idresultat, idanalitica, resultats, idprovatecnica, dataresultat)values (default, 5003, '105', 90301, CURRENT_TIMESTAMP);
INSERT INTO resultats (idresultat, idanalitica, resultats, idprovatecnica, dataresultat)values (default, 5003, '105', 90401, CURRENT_TIMESTAMP);
INSERT INTO resultats (idresultat, idanalitica, resultats, idprovatecnica, dataresultat)values (default, 5003, '105', 90501, CURRENT_TIMESTAMP);
INSERT INTO resultats (idresultat, idanalitica, resultats, idprovatecnica, dataresultat)values (default, 5003, '105', 90601, CURRENT_TIMESTAMP);
INSERT INTO resultats (idresultat, idanalitica, resultats, idprovatecnica, dataresultat)values (default, 5003, '105', 90701, CURRENT_TIMESTAMP);
INSERT INTO resultats (idresultat, idanalitica, resultats, idprovatecnica, dataresultat)values (default, 5003, '105', 90801, CURRENT_TIMESTAMP);
INSERT INTO resultats (idresultat, idanalitica, resultats, idprovatecnica, dataresultat)values (default, 5003, '105', 90901, CURRENT_TIMESTAMP);
INSERT INTO resultats (idresultat, idanalitica, resultats, idprovatecnica, dataresultat)values (default, 5003, '105', 91001, CURRENT_TIMESTAMP);


INSERT INTO resultats (idresultat, idanalitica, resultats, idprovatecnica, dataresultat)values (default, 5004, '115', 90101, CURRENT_TIMESTAMP);
INSERT INTO resultats (idresultat, idanalitica, resultats, idprovatecnica, dataresultat)values (default, 5004, '115', 90201, CURRENT_TIMESTAMP);
INSERT INTO resultats (idresultat, idanalitica, resultats, idprovatecnica, dataresultat)values (default, 5004, '115', 90301, CURRENT_TIMESTAMP);
INSERT INTO resultats (idresultat, idanalitica, resultats, idprovatecnica, dataresultat)values (default, 5004, '115', 90401, CURRENT_TIMESTAMP);
INSERT INTO resultats (idresultat, idanalitica, resultats, idprovatecnica, dataresultat)values (default, 5004, '115', 90501, CURRENT_TIMESTAMP);
INSERT INTO resultats (idresultat, idanalitica, resultats, idprovatecnica, dataresultat)values (default, 5004, '115', 90601, CURRENT_TIMESTAMP);
INSERT INTO resultats (idresultat, idanalitica, resultats, idprovatecnica, dataresultat)values (default, 5004, '115', 90701, CURRENT_TIMESTAMP);
INSERT INTO resultats (idresultat, idanalitica, resultats, idprovatecnica, dataresultat)values (default, 5004, '115', 90801, CURRENT_TIMESTAMP);
INSERT INTO resultats (idresultat, idanalitica, resultats, idprovatecnica, dataresultat)values (default, 5004, '115', 90901, CURRENT_TIMESTAMP);
INSERT INTO resultats (idresultat, idanalitica, resultats, idprovatecnica, dataresultat)values (default, 5004, '115', 91001, CURRENT_TIMESTAMP);


INSERT INTO resultats (idresultat, idanalitica, resultats, idprovatecnica, dataresultat)values (default, 5005, '125', 90101, CURRENT_TIMESTAMP);
INSERT INTO resultats (idresultat, idanalitica, resultats, idprovatecnica, dataresultat)values (default, 5005, '125', 90201, CURRENT_TIMESTAMP);
INSERT INTO resultats (idresultat, idanalitica, resultats, idprovatecnica, dataresultat)values (default, 5005, '125', 90301, CURRENT_TIMESTAMP);
INSERT INTO resultats (idresultat, idanalitica, resultats, idprovatecnica, dataresultat)values (default, 5005, '125', 90401, CURRENT_TIMESTAMP);
INSERT INTO resultats (idresultat, idanalitica, resultats, idprovatecnica, dataresultat)values (default, 5005, '125', 90501, CURRENT_TIMESTAMP);
INSERT INTO resultats (idresultat, idanalitica, resultats, idprovatecnica, dataresultat)values (default, 5005, '125', 90601, CURRENT_TIMESTAMP);
INSERT INTO resultats (idresultat, idanalitica, resultats, idprovatecnica, dataresultat)values (default, 5005, '125', 90701, CURRENT_TIMESTAMP);
INSERT INTO resultats (idresultat, idanalitica, resultats, idprovatecnica, dataresultat)values (default, 5005, '125', 90801, CURRENT_TIMESTAMP);
INSERT INTO resultats (idresultat, idanalitica, resultats, idprovatecnica, dataresultat)values (default, 5005, '125', 90901, CURRENT_TIMESTAMP);
INSERT INTO resultats (idresultat, idanalitica, resultats, idprovatecnica, dataresultat)values (default, 5005, '125', 91001, CURRENT_TIMESTAMP);

INSERT INTO resultats (idresultat, idanalitica, resultats, idprovatecnica, dataresultat)values (default, 5006, '135', 90101, CURRENT_TIMESTAMP);
INSERT INTO resultats (idresultat, idanalitica, resultats, idprovatecnica, dataresultat)values (default, 5006, '135', 90201, CURRENT_TIMESTAMP);
INSERT INTO resultats (idresultat, idanalitica, resultats, idprovatecnica, dataresultat)values (default, 5006, '135', 90301, CURRENT_TIMESTAMP);
INSERT INTO resultats (idresultat, idanalitica, resultats, idprovatecnica, dataresultat)values (default, 5006, '135', 90401, CURRENT_TIMESTAMP);
INSERT INTO resultats (idresultat, idanalitica, resultats, idprovatecnica, dataresultat)values (default, 5006, '135', 90501, CURRENT_TIMESTAMP);
INSERT INTO resultats (idresultat, idanalitica, resultats, idprovatecnica, dataresultat)values (default, 5006, '135', 90601, CURRENT_TIMESTAMP);
INSERT INTO resultats (idresultat, idanalitica, resultats, idprovatecnica, dataresultat)values (default, 5006, '135', 90701, CURRENT_TIMESTAMP);
INSERT INTO resultats (idresultat, idanalitica, resultats, idprovatecnica, dataresultat)values (default, 5006, '135', 90801, CURRENT_TIMESTAMP);
INSERT INTO resultats (idresultat, idanalitica, resultats, idprovatecnica, dataresultat)values (default, 5006, '135', 90901, CURRENT_TIMESTAMP);
INSERT INTO resultats (idresultat, idanalitica, resultats, idprovatecnica, dataresultat)values (default, 5006, '135', 91001, CURRENT_TIMESTAMP);

INSERT INTO resultats (idresultat, idanalitica, resultats, idprovatecnica, dataresultat)values (default, 5007, '145', 90101, CURRENT_TIMESTAMP);
INSERT INTO resultats (idresultat, idanalitica, resultats, idprovatecnica, dataresultat)values (default, 5007, '145', 90201, CURRENT_TIMESTAMP);
INSERT INTO resultats (idresultat, idanalitica, resultats, idprovatecnica, dataresultat)values (default, 5007, '145', 90301, CURRENT_TIMESTAMP);
INSERT INTO resultats (idresultat, idanalitica, resultats, idprovatecnica, dataresultat)values (default, 5007, '145', 90401, CURRENT_TIMESTAMP);
INSERT INTO resultats (idresultat, idanalitica, resultats, idprovatecnica, dataresultat)values (default, 5007, '145', 90501, CURRENT_TIMESTAMP);
INSERT INTO resultats (idresultat, idanalitica, resultats, idprovatecnica, dataresultat)values (default, 5007, '145', 90601, CURRENT_TIMESTAMP);
INSERT INTO resultats (idresultat, idanalitica, resultats, idprovatecnica, dataresultat)values (default, 5007, '145', 90701, CURRENT_TIMESTAMP);
INSERT INTO resultats (idresultat, idanalitica, resultats, idprovatecnica, dataresultat)values (default, 5007, '145', 90801, CURRENT_TIMESTAMP);
INSERT INTO resultats (idresultat, idanalitica, resultats, idprovatecnica, dataresultat)values (default, 5007, '145', 90901, CURRENT_TIMESTAMP);
INSERT INTO resultats (idresultat, idanalitica, resultats, idprovatecnica, dataresultat)values (default, 5007, '145', 91001, CURRENT_TIMESTAMP);

INSERT INTO resultats (idresultat, idanalitica, resultats, idprovatecnica, dataresultat)values (default, 5008, '155', 90101, CURRENT_TIMESTAMP);
INSERT INTO resultats (idresultat, idanalitica, resultats, idprovatecnica, dataresultat)values (default, 5008, '155', 90201, CURRENT_TIMESTAMP);
INSERT INTO resultats (idresultat, idanalitica, resultats, idprovatecnica, dataresultat)values (default, 5008, '155', 90301, CURRENT_TIMESTAMP);
INSERT INTO resultats (idresultat, idanalitica, resultats, idprovatecnica, dataresultat)values (default, 5008, '155', 90401, CURRENT_TIMESTAMP);
INSERT INTO resultats (idresultat, idanalitica, resultats, idprovatecnica, dataresultat)values (default, 5008, '155', 90501, CURRENT_TIMESTAMP);
INSERT INTO resultats (idresultat, idanalitica, resultats, idprovatecnica, dataresultat)values (default, 5008, '155', 90601, CURRENT_TIMESTAMP);
INSERT INTO resultats (idresultat, idanalitica, resultats, idprovatecnica, dataresultat)values (default, 5008, '155', 90701, CURRENT_TIMESTAMP);
INSERT INTO resultats (idresultat, idanalitica, resultats, idprovatecnica, dataresultat)values (default, 5008, '155', 90801, CURRENT_TIMESTAMP);
INSERT INTO resultats (idresultat, idanalitica, resultats, idprovatecnica, dataresultat)values (default, 5008, '155', 90901, CURRENT_TIMESTAMP);
INSERT INTO resultats (idresultat, idanalitica, resultats, idprovatecnica, dataresultat)values (default, 5008, '155', 91001, CURRENT_TIMESTAMP);

INSERT INTO resultats (idresultat, idanalitica, resultats, idprovatecnica, dataresultat)values (default, 5009, '165', 90101, CURRENT_TIMESTAMP);
INSERT INTO resultats (idresultat, idanalitica, resultats, idprovatecnica, dataresultat)values (default, 5009, '165', 90201, CURRENT_TIMESTAMP);
INSERT INTO resultats (idresultat, idanalitica, resultats, idprovatecnica, dataresultat)values (default, 5009, '165', 90301, CURRENT_TIMESTAMP);
INSERT INTO resultats (idresultat, idanalitica, resultats, idprovatecnica, dataresultat)values (default, 5009, '165', 90401, CURRENT_TIMESTAMP);
INSERT INTO resultats (idresultat, idanalitica, resultats, idprovatecnica, dataresultat)values (default, 5009, '165', 90501, CURRENT_TIMESTAMP);
INSERT INTO resultats (idresultat, idanalitica, resultats, idprovatecnica, dataresultat)values (default, 5009, '165', 90601, CURRENT_TIMESTAMP);
INSERT INTO resultats (idresultat, idanalitica, resultats, idprovatecnica, dataresultat)values (default, 5009, '165', 90701, CURRENT_TIMESTAMP);
INSERT INTO resultats (idresultat, idanalitica, resultats, idprovatecnica, dataresultat)values (default, 5009, '165', 90801, CURRENT_TIMESTAMP);
INSERT INTO resultats (idresultat, idanalitica, resultats, idprovatecnica, dataresultat)values (default, 5009, '165', 90901, CURRENT_TIMESTAMP);
INSERT INTO resultats (idresultat, idanalitica, resultats, idprovatecnica, dataresultat)values (default, 5009, '165', 91001, CURRENT_TIMESTAMP);


INSERT INTO resultats (idresultat, idanalitica, resultats, idprovatecnica, dataresultat)values (default, 5010, '175', 90101, CURRENT_TIMESTAMP);
INSERT INTO resultats (idresultat, idanalitica, resultats, idprovatecnica, dataresultat)values (default, 5010, '175', 90201, CURRENT_TIMESTAMP);
INSERT INTO resultats (idresultat, idanalitica, resultats, idprovatecnica, dataresultat)values (default, 5010, '175', 90301, CURRENT_TIMESTAMP);
INSERT INTO resultats (idresultat, idanalitica, resultats, idprovatecnica, dataresultat)values (default, 5010, '175', 90401, CURRENT_TIMESTAMP);
INSERT INTO resultats (idresultat, idanalitica, resultats, idprovatecnica, dataresultat)values (default, 5010, '175', 90501, CURRENT_TIMESTAMP);
INSERT INTO resultats (idresultat, idanalitica, resultats, idprovatecnica, dataresultat)values (default, 5010, '175', 90601, CURRENT_TIMESTAMP);
INSERT INTO resultats (idresultat, idanalitica, resultats, idprovatecnica, dataresultat)values (default, 5010, '175', 90701, CURRENT_TIMESTAMP);
INSERT INTO resultats (idresultat, idanalitica, resultats, idprovatecnica, dataresultat)values (default, 5010, '175', 90801, CURRENT_TIMESTAMP);
INSERT INTO resultats (idresultat, idanalitica, resultats, idprovatecnica, dataresultat)values (default, 5010, '175', 90901, CURRENT_TIMESTAMP);
INSERT INTO resultats (idresultat, idanalitica, resultats, idprovatecnica, dataresultat)values (default, 5010, '175', 91001, CURRENT_TIMESTAMP);

INSERT INTO resultats (idresultat, idanalitica, resultats, idprovatecnica, dataresultat)values (default, 5011, '185', 90101, CURRENT_TIMESTAMP);
INSERT INTO resultats (idresultat, idanalitica, resultats, idprovatecnica, dataresultat)values (default, 5011, '185', 90201, CURRENT_TIMESTAMP);
INSERT INTO resultats (idresultat, idanalitica, resultats, idprovatecnica, dataresultat)values (default, 5011, '185', 90301, CURRENT_TIMESTAMP);
INSERT INTO resultats (idresultat, idanalitica, resultats, idprovatecnica, dataresultat)values (default, 5011, '185', 90401, CURRENT_TIMESTAMP);
INSERT INTO resultats (idresultat, idanalitica, resultats, idprovatecnica, dataresultat)values (default, 5011, '185', 90501, CURRENT_TIMESTAMP);
INSERT INTO resultats (idresultat, idanalitica, resultats, idprovatecnica, dataresultat)values (default, 5011, '185', 90601, CURRENT_TIMESTAMP);
INSERT INTO resultats (idresultat, idanalitica, resultats, idprovatecnica, dataresultat)values (default, 5011, '185', 90701, CURRENT_TIMESTAMP);
INSERT INTO resultats (idresultat, idanalitica, resultats, idprovatecnica, dataresultat)values (default, 5011, '185', 90801, CURRENT_TIMESTAMP);
INSERT INTO resultats (idresultat, idanalitica, resultats, idprovatecnica, dataresultat)values (default, 5011, '185', 90901, CURRENT_TIMESTAMP);
INSERT INTO resultats (idresultat, idanalitica, resultats, idprovatecnica, dataresultat)values (default, 5011, '185', 91001, CURRENT_TIMESTAMP);





